ID,CorrectNote,SelectedNote,PlayAgainCount,time,grouping,Notes,NotesIndex
,33,0,0,,C Major,,
,33,2,0,,C Major,,
,33,4,0,,C Major,,
,33,5,0,,C Major,,
,33,7,0,,C Major,,
,33,9,0,,C Major,,
,47,11,0,,C Major,,
,36,2,1,,C Major,,
,36,4,1,,C Major,,
,36,0,1,,C Major,,
,59,0,0,,C Major,,
,59,11,0,,C Major,,
,48,9,0,,C Major,,
,48,7,0,,C Major,,
,48,11,0,,C Major,,
,48,0,0,,C Major,,
,31,4,0,,Standard Tuning,,
,31,9,0,,Standard Tuning,,
,31,2,0,,Standard Tuning,,
,31,7,0,,Standard Tuning,,
,59,11,0,,Standard Tuning,,
,31,7,0,,Standard Tuning,,
,40,7,14,,Standard Tuning,,
,40,11,14,,Standard Tuning,,
,40,2,14,,Standard Tuning,,
,40,9,14,,Standard Tuning,,
,40,4,14,,Standard Tuning,,
,33,4,0,,Standard Tuning,,
,33,2,0,,Standard Tuning,,
,33,7,0,,Standard Tuning,,
,33,9,0,,Standard Tuning,,
,81,9,0,,Standard Tuning,,
,31,2,0,,Standard Tuning,,
,31,7,0,,Standard Tuning,,
,83,2,0,,Standard Tuning,,
,83,7,0,,Standard Tuning,,
,83,11,0,,Standard Tuning,,
,31,4,5,,Standard Tuning,,
,31,2,5,,Standard Tuning,,
,31,9,5,,Standard Tuning,,
,31,7,5,,Standard Tuning,,
,55,7,0,,Standard Tuning,,
,69,4,1,,Standard Tuning,,
,69,9,1,,Standard Tuning,,
,62,4,1,,Standard Tuning,,
,62,11,1,,Standard Tuning,,
,62,2,1,,Standard Tuning,,
,47,4,10,,Standard Tuning,,
,47,9,10,,Standard Tuning,,
,47,7,10,,Standard Tuning,,
,47,11,10,,Standard Tuning,,
,64,4,1,,Standard Tuning,,
,81,9,1,,Standard Tuning,,
,64,4,0,,Standard Tuning,,
,43,9,3,,Standard Tuning,,
,43,2,3,,Standard Tuning,,
,43,7,3,,Standard Tuning,,
,28,4,1,,Standard Tuning,,
,74,9,0,,Standard Tuning,,
,74,4,0,,Standard Tuning,,
,71,11,0,,Standard Tuning,,
,33,11,0,,Standard Tuning,,
,33,9,0,,Standard Tuning,,
,57,9,0,,Standard Tuning,,
,52,4,0,,Standard Tuning,,
,33,9,0,,Standard Tuning,,
,67,4,1,,Standard Tuning,,
,67,2,2,,Standard Tuning,,
,67,7,2,,Standard Tuning,,
,50,2,3,,Standard Tuning,,
,71,11,0,,Standard Tuning,,
,64,4,2,,Standard Tuning,,
,71,9,1,,Standard Tuning,,
,71,7,1,,Standard Tuning,,
,71,2,1,,Standard Tuning,,
,71,11,1,,Standard Tuning,,
,43,2,1,,Standard Tuning,,
,43,7,1,,Standard Tuning,,
,40,11,0,,Standard Tuning,,
,40,2,0,,Standard Tuning,,
,40,9,0,,Standard Tuning,,
,40,7,0,,Standard Tuning,,
,40,4,0,,Standard Tuning,,
,33,7,3,,Standard Tuning,,
,33,9,3,,Standard Tuning,,
,47,9,5,,Standard Tuning,,
,47,4,5,,Standard Tuning,,
,47,7,6,,Standard Tuning,,
,47,11,6,,Standard Tuning,,
,62,2,0,,Standard Tuning,,
,81,4,6,,Standard Tuning,,
,81,9,7,,Standard Tuning,,
,35,9,0,,Standard Tuning,,
,35,2,2,,Standard Tuning,,
,35,7,2,,Standard Tuning,,
,35,11,2,,Standard Tuning,,
,28,4,0,,Standard Tuning,,
,28,4,0,,Standard Tuning,,
,45,9,14,,Standard Tuning,,
,83,7,15,,Standard Tuning,,
,83,2,15,,Standard Tuning,,
,83,9,15,,Standard Tuning,,
,83,4,15,,Standard Tuning,,
,83,11,16,,Standard Tuning,,
,31,9,0,,Standard Tuning,,
,31,2,0,,Standard Tuning,,
,31,7,0,,Standard Tuning,,
,76,4,0,,Standard Tuning,,
,28,11,1,,Standard Tuning,,
,28,2,1,,Standard Tuning,,
,28,7,1,,Standard Tuning,,
,28,9,1,,Standard Tuning,,
,28,4,1,,Standard Tuning,,
,62,4,0,,Standard Tuning,,
,62,11,0,,Standard Tuning,,
,62,2,0,,Standard Tuning,,
,47,9,1,,Standard Tuning,,
,47,4,1,,Standard Tuning,,
,47,11,1,,Standard Tuning,,
,83,11,0,,Standard Tuning,,
,81,2,1,,Standard Tuning,,
,81,7,1,,Standard Tuning,,
,81,4,1,,Standard Tuning,,
,81,9,1,,Standard Tuning,,
,64,2,9,,Standard Tuning,,
,64,9,9,,Standard Tuning,,
,64,7,9,,Standard Tuning,,
,64,11,9,,Standard Tuning,,
,64,4,9,,Standard Tuning,,
,57,11,0,,Standard Tuning,,
,57,7,0,,Standard Tuning,,
,57,2,0,,Standard Tuning,,
,57,9,0,,Standard Tuning,,
,43,2,1,,Standard Tuning,,
,43,7,1,,Standard Tuning,,
,47,9,0,,Standard Tuning,,
,47,11,0,,Standard Tuning,,
,59,9,0,10/30/2023 19:28,Standard Tuning,,
,59,4,0,10/30/2023 19:28,Standard Tuning,,
,59,2,0,10/30/2023 19:28,Standard Tuning,,
,59,7,0,10/30/2023 19:28,Standard Tuning,,
,59,11,0,10/30/2023 19:28,Standard Tuning,,
,64,2,0,10/30/2023 19:28,Standard Tuning,,
,64,4,0,10/30/2023 19:28,Standard Tuning,,
,47,9,0,10/30/2023 19:28,Standard Tuning,,
,47,2,0,10/30/2023 19:28,Standard Tuning,,
,47,11,0,10/30/2023 19:28,Standard Tuning,,
,74,7,0,10/30/2023 19:28,Standard Tuning,,
,74,9,0,10/30/2023 19:28,Standard Tuning,,
,74,2,0,10/30/2023 19:28,Standard Tuning,,
,64,4,0,10/30/2023 19:28,Standard Tuning,,
,33,9,0,10/30/2023 19:28,Standard Tuning,,
,69,7,0,10/30/2023 19:28,Standard Tuning,,
,69,2,0,10/30/2023 19:28,Standard Tuning,,
,69,11,0,10/30/2023 19:28,Standard Tuning,,
,69,9,0,10/30/2023 19:28,Standard Tuning,,
,43,4,0,10/30/2023 19:28,Standard Tuning,,
,43,2,0,10/30/2023 19:28,Standard Tuning,,
,43,7,0,10/30/2023 19:28,Standard Tuning,,
,57,7,0,10/30/2023 19:28,Standard Tuning,,
,57,2,0,10/30/2023 19:28,Standard Tuning,,
,57,9,0,10/30/2023 19:28,Standard Tuning,,
,29,5,0,10/31/2023 09:17,Random2,"['F#', 'F']",
,41,6,0,10/31/2023 09:17,Random2,"['F#', 'F']",
,41,5,0,10/31/2023 09:17,Random2,"['F#', 'F']",
,65,5,0,10/31/2023 09:17,Random2,"['F#', 'F']",
,66,6,0,10/31/2023 09:17,Random2,"['F#', 'F']",
,44,8,0,10/31/2023 09:25,Random2,"['G#', 'D']","[8, 2]"
,68,2,0,10/31/2023 09:25,Random2,"['G#', 'D']","[8, 2]"
,68,8,0,10/31/2023 09:25,Random2,"['G#', 'D']","[8, 2]"
,68,8,0,10/31/2023 09:25,Random2,"['G#', 'D']","[8, 2]"
,62,8,0,10/31/2023 09:25,Random2,"['G#', 'D']","[8, 2]"
,62,2,0,10/31/2023 09:25,Random2,"['G#', 'D']","[8, 2]"
,40,8,0,10/31/2023 09:29,Random4,"['G#', 'A', 'E', 'D']","[8, 9, 4, 2]"
,40,9,0,10/31/2023 09:29,Random4,"['G#', 'A', 'E', 'D']","[8, 9, 4, 2]"
,40,4,0,10/31/2023 09:29,Random4,"['G#', 'A', 'E', 'D']","[8, 9, 4, 2]"
,81,2,0,10/31/2023 09:29,Random4,"['G#', 'A', 'E', 'D']","[8, 9, 4, 2]"
,81,9,0,10/31/2023 09:29,Random4,"['G#', 'A', 'E', 'D']","[8, 9, 4, 2]"
,62,8,0,10/31/2023 09:29,Random4,"['G#', 'A', 'E', 'D']","[8, 9, 4, 2]"
,62,9,0,10/31/2023 09:29,Random4,"['G#', 'A', 'E', 'D']","[8, 9, 4, 2]"
,49,3,0,11/1/2023 23:27,Random4,"['D#', 'A', 'C#', 'D']","[3, 9, 1, 2]"
,49,2,0,11/1/2023 23:27,Random4,"['D#', 'A', 'C#', 'D']","[3, 9, 1, 2]"
,49,1,0,11/1/2023 23:27,Random4,"['D#', 'A', 'C#', 'D']","[3, 9, 1, 2]"
,27,3,0,11/1/2023 23:27,Random4,"['D#', 'A', 'C#', 'D']","[3, 9, 1, 2]"
,57,9,0,11/1/2023 23:27,Random4,"['D#', 'A', 'C#', 'D']","[3, 9, 1, 2]"
,75,9,0,11/1/2023 23:27,Random4,"['D#', 'A', 'C#', 'D']","[3, 9, 1, 2]"
,75,2,0,11/1/2023 23:27,Random4,"['D#', 'A', 'C#', 'D']","[3, 9, 1, 2]"
,75,1,0,11/1/2023 23:27,Random4,"['D#', 'A', 'C#', 'D']","[3, 9, 1, 2]"
,75,3,0,11/1/2023 23:28,Random4,"['D#', 'A', 'C#', 'D']","[3, 9, 1, 2]"
,73,3,0,11/1/2023 23:28,Random4,"['D#', 'A', 'C#', 'D']","[3, 9, 1, 2]"
,73,1,0,11/1/2023 23:28,Random4,"['D#', 'A', 'C#', 'D']","[3, 9, 1, 2]"
,73,1,0,11/1/2023 23:28,Random4,"['D#', 'A', 'C#', 'D']","[3, 9, 1, 2]"
,76,4,0,11/1/2023 23:34,Random4,"['A#', 'D', 'E', 'F']","[10, 2, 4, 5]"
,70,2,0,11/1/2023 23:34,Random4,"['A#', 'D', 'E', 'F']","[10, 2, 4, 5]"
,70,10,0,11/1/2023 23:34,Random4,"['A#', 'D', 'E', 'F']","[10, 2, 4, 5]"
,46,2,0,11/1/2023 23:34,Random4,"['A#', 'D', 'E', 'F']","[10, 2, 4, 5]"
,46,4,0,11/1/2023 23:34,Random4,"['A#', 'D', 'E', 'F']","[10, 2, 4, 5]"
,46,10,0,11/1/2023 23:34,Random4,"['A#', 'D', 'E', 'F']","[10, 2, 4, 5]"
,38,4,0,11/1/2023 23:34,Random4,"['A#', 'D', 'E', 'F']","[10, 2, 4, 5]"
,38,5,0,11/1/2023 23:34,Random4,"['A#', 'D', 'E', 'F']","[10, 2, 4, 5]"
,38,2,0,11/1/2023 23:34,Random4,"['A#', 'D', 'E', 'F']","[10, 2, 4, 5]"
,53,4,1,11/1/2023 23:34,Random4,"['A#', 'D', 'E', 'F']","[10, 2, 4, 5]"
,53,2,1,11/1/2023 23:34,Random4,"['A#', 'D', 'E', 'F']","[10, 2, 4, 5]"
,53,5,1,11/1/2023 23:34,Random4,"['A#', 'D', 'E', 'F']","[10, 2, 4, 5]"
,34,2,7,11/1/2023 23:36,Random4,"['A#', 'D', 'E', 'F']","[10, 2, 4, 5]"
,34,10,7,11/1/2023 23:36,Random4,"['A#', 'D', 'E', 'F']","[10, 2, 4, 5]"
,40,5,1,11/1/2023 23:36,Random4,"['A#', 'D', 'E', 'F']","[10, 2, 4, 5]"
,40,4,1,11/1/2023 23:36,Random4,"['A#', 'D', 'E', 'F']","[10, 2, 4, 5]"
,53,2,2,11/1/2023 23:36,Random4,"['A#', 'D', 'E', 'F']","[10, 2, 4, 5]"
,53,4,2,11/1/2023 23:36,Random4,"['A#', 'D', 'E', 'F']","[10, 2, 4, 5]"
,53,5,2,11/1/2023 23:36,Random4,"['A#', 'D', 'E', 'F']","[10, 2, 4, 5]"
,28,5,1,11/1/2023 23:36,Random4,"['A#', 'D', 'E', 'F']","[10, 2, 4, 5]"
,28,4,1,11/1/2023 23:36,Random4,"['A#', 'D', 'E', 'F']","[10, 2, 4, 5]"
,38,4,0,11/1/2023 23:36,Random4,"['A#', 'D', 'E', 'F']","[10, 2, 4, 5]"
,38,2,0,11/1/2023 23:36,Random4,"['A#', 'D', 'E', 'F']","[10, 2, 4, 5]"
,29,10,0,11/1/2023 23:36,Random4,"['A#', 'D', 'E', 'F']","[10, 2, 4, 5]"
,29,5,0,11/1/2023 23:36,Random4,"['A#', 'D', 'E', 'F']","[10, 2, 4, 5]"
,52,4,0,11/1/2023 23:36,Random4,"['A#', 'D', 'E', 'F']","[10, 2, 4, 5]"
,76,4,0,11/1/2023 23:36,Random4,"['A#', 'D', 'E', 'F']","[10, 2, 4, 5]"
,65,10,1,11/1/2023 23:36,Random4,"['A#', 'D', 'E', 'F']","[10, 2, 4, 5]"
,65,2,1,11/1/2023 23:36,Random4,"['A#', 'D', 'E', 'F']","[10, 2, 4, 5]"
,65,5,1,11/1/2023 23:36,Random4,"['A#', 'D', 'E', 'F']","[10, 2, 4, 5]"
,62,2,0,11/1/2023 23:36,Random4,"['A#', 'D', 'E', 'F']","[10, 2, 4, 5]"
,26,10,3,11/1/2023 23:36,Random4,"['A#', 'D', 'E', 'F']","[10, 2, 4, 5]"
,26,2,3,11/1/2023 23:36,Random4,"['A#', 'D', 'E', 'F']","[10, 2, 4, 5]"
,29,4,1,11/1/2023 23:37,Random4,"['A#', 'D', 'E', 'F']","[10, 2, 4, 5]"
,29,5,1,11/1/2023 23:37,Random4,"['A#', 'D', 'E', 'F']","[10, 2, 4, 5]"
,28,2,0,11/1/2023 23:37,Random4,"['A#', 'D', 'E', 'F']","[10, 2, 4, 5]"
,28,4,0,11/1/2023 23:37,Random4,"['A#', 'D', 'E', 'F']","[10, 2, 4, 5]"
,26,5,1,11/1/2023 23:37,Random4,"['A#', 'D', 'E', 'F']","[10, 2, 4, 5]"
,26,2,1,11/1/2023 23:37,Random4,"['A#', 'D', 'E', 'F']","[10, 2, 4, 5]"
,50,4,0,11/1/2023 23:37,Random4,"['A#', 'D', 'E', 'F']","[10, 2, 4, 5]"
,50,5,0,11/1/2023 23:37,Random4,"['A#', 'D', 'E', 'F']","[10, 2, 4, 5]"
,50,2,0,11/1/2023 23:37,Random4,"['A#', 'D', 'E', 'F']","[10, 2, 4, 5]"
,46,10,4,11/1/2023 23:37,Random4,"['A#', 'D', 'E', 'F']","[10, 2, 4, 5]"
,46,10,0,11/1/2023 23:37,Random4,"['A#', 'D', 'E', 'F']","[10, 2, 4, 5]"
,62,2,3,11/1/2023 23:37,Random4,"['A#', 'D', 'E', 'F']","[10, 2, 4, 5]"
,74,2,0,11/1/2023 23:37,Random4,"['A#', 'D', 'E', 'F']","[10, 2, 4, 5]"
,76,4,0,11/1/2023 23:37,Random4,"['A#', 'D', 'E', 'F']","[10, 2, 4, 5]"
,28,10,0,11/1/2023 23:37,Random4,"['A#', 'D', 'E', 'F']","[10, 2, 4, 5]"
,28,5,0,11/1/2023 23:37,Random4,"['A#', 'D', 'E', 'F']","[10, 2, 4, 5]"
,28,2,0,11/1/2023 23:37,Random4,"['A#', 'D', 'E', 'F']","[10, 2, 4, 5]"
,28,4,0,11/1/2023 23:37,Random4,"['A#', 'D', 'E', 'F']","[10, 2, 4, 5]"
,41,4,1,11/1/2023 23:37,Random4,"['A#', 'D', 'E', 'F']","[10, 2, 4, 5]"
,41,2,1,11/1/2023 23:37,Random4,"['A#', 'D', 'E', 'F']","[10, 2, 4, 5]"
,41,5,1,11/1/2023 23:37,Random4,"['A#', 'D', 'E', 'F']","[10, 2, 4, 5]"
,40,10,0,11/1/2023 23:38,Random4,"['A#', 'D', 'E', 'F']","[10, 2, 4, 5]"
,40,2,0,11/1/2023 23:38,Random4,"['A#', 'D', 'E', 'F']","[10, 2, 4, 5]"
,40,4,0,11/1/2023 23:38,Random4,"['A#', 'D', 'E', 'F']","[10, 2, 4, 5]"
,52,4,0,11/1/2023 23:38,Random4,"['A#', 'D', 'E', 'F']","[10, 2, 4, 5]"
,76,4,0,11/1/2023 23:38,Random4,"['A#', 'D', 'E', 'F']","[10, 2, 4, 5]"
,62,4,0,11/1/2023 23:38,Random4,"['A#', 'D', 'E', 'F']","[10, 2, 4, 5]"
,62,2,0,11/1/2023 23:38,Random4,"['A#', 'D', 'E', 'F']","[10, 2, 4, 5]"
,58,2,11,11/1/2023 23:39,Random4,"['A#', 'D', 'E', 'F']","[10, 2, 4, 5]"
,58,10,11,11/1/2023 23:39,Random4,"['A#', 'D', 'E', 'F']","[10, 2, 4, 5]"
,77,2,1,11/1/2023 23:39,Random4,"['A#', 'D', 'E', 'F']","[10, 2, 4, 5]"
,77,5,1,11/1/2023 23:39,Random4,"['A#', 'D', 'E', 'F']","[10, 2, 4, 5]"
,26,10,1,11/1/2023 23:39,Random4,"['A#', 'D', 'E', 'F']","[10, 2, 4, 5]"
,26,2,1,11/1/2023 23:39,Random4,"['A#', 'D', 'E', 'F']","[10, 2, 4, 5]"
,53,4,0,11/1/2023 23:39,Random4,"['A#', 'D', 'E', 'F']","[10, 2, 4, 5]"
,53,5,0,11/1/2023 23:39,Random4,"['A#', 'D', 'E', 'F']","[10, 2, 4, 5]"
,41,2,0,11/1/2023 23:39,Random4,"['A#', 'D', 'E', 'F']","[10, 2, 4, 5]"
,41,10,0,11/1/2023 23:39,Random4,"['A#', 'D', 'E', 'F']","[10, 2, 4, 5]"
,41,4,0,11/1/2023 23:39,Random4,"['A#', 'D', 'E', 'F']","[10, 2, 4, 5]"
,41,5,0,11/1/2023 23:39,Random4,"['A#', 'D', 'E', 'F']","[10, 2, 4, 5]"
,76,4,0,11/1/2023 23:39,Random4,"['A#', 'D', 'E', 'F']","[10, 2, 4, 5]"
,65,5,0,11/1/2023 23:39,Random4,"['A#', 'D', 'E', 'F']","[10, 2, 4, 5]"
,53,5,0,11/1/2023 23:39,Random4,"['A#', 'D', 'E', 'F']","[10, 2, 4, 5]"
,62,2,0,11/1/2023 23:39,Random4,"['A#', 'D', 'E', 'F']","[10, 2, 4, 5]"
,29,10,0,11/1/2023 23:39,Random4,"['A#', 'D', 'E', 'F']","[10, 2, 4, 5]"
,29,2,0,11/1/2023 23:39,Random4,"['A#', 'D', 'E', 'F']","[10, 2, 4, 5]"
,29,5,0,11/1/2023 23:39,Random4,"['A#', 'D', 'E', 'F']","[10, 2, 4, 5]"
,29,5,0,11/1/2023 23:39,Random4,"['A#', 'D', 'E', 'F']","[10, 2, 4, 5]"
,52,4,1,11/1/2023 23:39,Random4,"['A#', 'D', 'E', 'F']","[10, 2, 4, 5]"
,77,5,0,11/1/2023 23:39,Random4,"['A#', 'D', 'E', 'F']","[10, 2, 4, 5]"
,64,4,0,11/1/2023 23:39,Random4,"['A#', 'D', 'E', 'F']","[10, 2, 4, 5]"
,74,2,0,11/1/2023 23:39,Random4,"['A#', 'D', 'E', 'F']","[10, 2, 4, 5]"
,82,10,0,11/1/2023 23:39,Random4,"['A#', 'D', 'E', 'F']","[10, 2, 4, 5]"
,65,5,2,11/1/2023 23:40,Random4,"['A#', 'D', 'E', 'F']","[10, 2, 4, 5]"
,34,2,1,11/1/2023 23:40,Random4,"['A#', 'D', 'E', 'F']","[10, 2, 4, 5]"
,34,10,1,11/1/2023 23:40,Random4,"['A#', 'D', 'E', 'F']","[10, 2, 4, 5]"
,77,5,0,11/1/2023 23:40,Random4,"['A#', 'D', 'E', 'F']","[10, 2, 4, 5]"
,70,2,0,11/1/2023 23:40,Random4,"['A#', 'D', 'E', 'F']","[10, 2, 4, 5]"
,70,4,0,11/1/2023 23:40,Random4,"['A#', 'D', 'E', 'F']","[10, 2, 4, 5]"
,70,5,0,11/1/2023 23:40,Random4,"['A#', 'D', 'E', 'F']","[10, 2, 4, 5]"
,70,10,0,11/1/2023 23:40,Random4,"['A#', 'D', 'E', 'F']","[10, 2, 4, 5]"
,65,5,0,11/1/2023 23:40,Random4,"['A#', 'D', 'E', 'F']","[10, 2, 4, 5]"
,38,4,3,11/1/2023 23:40,Random4,"['A#', 'D', 'E', 'F']","[10, 2, 4, 5]"
,38,2,3,11/1/2023 23:40,Random4,"['A#', 'D', 'E', 'F']","[10, 2, 4, 5]"
,34,4,22,11/1/2023 23:40,Random4,"['A#', 'D', 'E', 'F']","[10, 2, 4, 5]"
,34,5,22,11/1/2023 23:40,Random4,"['A#', 'D', 'E', 'F']","[10, 2, 4, 5]"
,34,10,22,11/1/2023 23:40,Random4,"['A#', 'D', 'E', 'F']","[10, 2, 4, 5]"
,72,0,1,11/2/2023 23:23,Random4,"['B', 'C', 'E', 'G#']","[11, 0, 4, 8]"
,52,11,1,11/2/2023 23:23,Random4,"['B', 'C', 'E', 'G#']","[11, 0, 4, 8]"
,52,8,1,11/2/2023 23:23,Random4,"['B', 'C', 'E', 'G#']","[11, 0, 4, 8]"
,52,4,1,11/2/2023 23:23,Random4,"['B', 'C', 'E', 'G#']","[11, 0, 4, 8]"
,28,4,1,11/2/2023 23:23,Random4,"['B', 'C', 'E', 'G#']","[11, 0, 4, 8]"
,48,11,0,11/2/2023 23:23,Random4,"['B', 'C', 'E', 'G#']","[11, 0, 4, 8]"
,48,0,0,11/2/2023 23:23,Random4,"['B', 'C', 'E', 'G#']","[11, 0, 4, 8]"
,59,8,0,11/2/2023 23:23,Random4,"['B', 'C', 'E', 'G#']","[11, 0, 4, 8]"
,59,11,0,11/2/2023 23:23,Random4,"['B', 'C', 'E', 'G#']","[11, 0, 4, 8]"
,32,8,1,11/2/2023 23:23,Random4,"['B', 'C', 'E', 'G#']","[11, 0, 4, 8]"
,36,0,1,11/2/2023 23:23,Random4,"['B', 'C', 'E', 'G#']","[11, 0, 4, 8]"
,64,4,0,11/2/2023 23:23,Random4,"['B', 'C', 'E', 'G#']","[11, 0, 4, 8]"
,64,4,0,11/2/2023 23:23,Random4,"['B', 'C', 'E', 'G#']","[11, 0, 4, 8]"
,80,8,3,11/2/2023 23:24,Random4,"['B', 'C', 'E', 'G#']","[11, 0, 4, 8]"
,60,0,1,11/2/2023 23:24,Random4,"['B', 'C', 'E', 'G#']","[11, 0, 4, 8]"
,45,11,3,11/5/2023 23:20,Random4,"['A', 'A#', 'B', 'G#']","[9, 10, 11, 8]"
,45,8,4,11/5/2023 23:20,Random4,"['A', 'A#', 'B', 'G#']","[9, 10, 11, 8]"
,45,10,4,11/5/2023 23:20,Random4,"['A', 'A#', 'B', 'G#']","[9, 10, 11, 8]"
,45,9,4,11/5/2023 23:20,Random4,"['A', 'A#', 'B', 'G#']","[9, 10, 11, 8]"
,34,10,0,11/5/2023 23:20,Random4,"['A', 'A#', 'B', 'G#']","[9, 10, 11, 8]"
,47,11,0,11/5/2023 23:20,Random4,"['A', 'A#', 'B', 'G#']","[9, 10, 11, 8]"
,47,11,0,11/5/2023 23:20,Random4,"['A', 'A#', 'B', 'G#']","[9, 10, 11, 8]"
,81,8,0,11/5/2023 23:20,Random4,"['A', 'A#', 'B', 'G#']","[9, 10, 11, 8]"
,81,9,0,11/5/2023 23:20,Random4,"['A', 'A#', 'B', 'G#']","[9, 10, 11, 8]"
,56,10,0,11/5/2023 23:20,Random4,"['A', 'A#', 'B', 'G#']","[9, 10, 11, 8]"
,56,8,0,11/5/2023 23:20,Random4,"['A', 'A#', 'B', 'G#']","[9, 10, 11, 8]"
,44,9,0,11/5/2023 23:20,Random4,"['A', 'A#', 'B', 'G#']","[9, 10, 11, 8]"
,44,10,0,11/5/2023 23:20,Random4,"['A', 'A#', 'B', 'G#']","[9, 10, 11, 8]"
,44,8,0,11/5/2023 23:20,Random4,"['A', 'A#', 'B', 'G#']","[9, 10, 11, 8]"
,44,8,0,11/5/2023 23:20,Random4,"['A', 'A#', 'B', 'G#']","[9, 10, 11, 8]"
,46,9,0,11/5/2023 23:20,Random4,"['A', 'A#', 'B', 'G#']","[9, 10, 11, 8]"
,46,10,0,11/5/2023 23:21,Random4,"['A', 'A#', 'B', 'G#']","[9, 10, 11, 8]"
,81,9,0,11/5/2023 23:21,Random4,"['A', 'A#', 'B', 'G#']","[9, 10, 11, 8]"
,35,11,1,11/5/2023 23:21,Random4,"['A', 'A#', 'B', 'G#']","[9, 10, 11, 8]"
,46,9,1,11/5/2023 23:21,Random4,"['A', 'A#', 'B', 'G#']","[9, 10, 11, 8]"
,46,10,1,11/5/2023 23:21,Random4,"['A', 'A#', 'B', 'G#']","[9, 10, 11, 8]"
,47,8,1,11/5/2023 23:21,Random4,"['A', 'A#', 'B', 'G#']","[9, 10, 11, 8]"
,47,11,1,11/5/2023 23:21,Random4,"['A', 'A#', 'B', 'G#']","[9, 10, 11, 8]"
,44,10,4,11/5/2023 23:21,Random4,"['A', 'A#', 'B', 'G#']","[9, 10, 11, 8]"
,44,9,4,11/5/2023 23:21,Random4,"['A', 'A#', 'B', 'G#']","[9, 10, 11, 8]"
,44,8,4,11/5/2023 23:21,Random4,"['A', 'A#', 'B', 'G#']","[9, 10, 11, 8]"
,56,8,0,11/5/2023 23:21,Random4,"['A', 'A#', 'B', 'G#']","[9, 10, 11, 8]"
,47,10,0,11/5/2023 23:21,Random4,"['A', 'A#', 'B', 'G#']","[9, 10, 11, 8]"
,47,9,0,11/5/2023 23:21,Random4,"['A', 'A#', 'B', 'G#']","[9, 10, 11, 8]"
,47,8,0,11/5/2023 23:21,Random4,"['A', 'A#', 'B', 'G#']","[9, 10, 11, 8]"
,47,11,0,11/5/2023 23:21,Random4,"['A', 'A#', 'B', 'G#']","[9, 10, 11, 8]"
,81,10,1,11/5/2023 23:21,Random4,"['A', 'A#', 'B', 'G#']","[9, 10, 11, 8]"
,81,9,1,11/5/2023 23:21,Random4,"['A', 'A#', 'B', 'G#']","[9, 10, 11, 8]"
,82,10,0,11/5/2023 23:21,Random4,"['A', 'A#', 'B', 'G#']","[9, 10, 11, 8]"
,44,11,0,11/5/2023 23:21,Random4,"['A', 'A#', 'B', 'G#']","[9, 10, 11, 8]"
,44,10,0,11/5/2023 23:21,Random4,"['A', 'A#', 'B', 'G#']","[9, 10, 11, 8]"
,44,9,0,11/5/2023 23:21,Random4,"['A', 'A#', 'B', 'G#']","[9, 10, 11, 8]"
,44,8,0,11/5/2023 23:21,Random4,"['A', 'A#', 'B', 'G#']","[9, 10, 11, 8]"
,82,8,1,11/5/2023 23:21,Random4,"['A', 'A#', 'B', 'G#']","[9, 10, 11, 8]"
,82,10,4,11/5/2023 23:22,Random4,"['A', 'A#', 'B', 'G#']","[9, 10, 11, 8]"
,45,11,1,11/5/2023 23:22,Random4,"['A', 'A#', 'B', 'G#']","[9, 10, 11, 8]"
,45,8,1,11/5/2023 23:22,Random4,"['A', 'A#', 'B', 'G#']","[9, 10, 11, 8]"
,45,9,1,11/5/2023 23:22,Random4,"['A', 'A#', 'B', 'G#']","[9, 10, 11, 8]"
,47,11,0,11/5/2023 23:22,Random4,"['A', 'A#', 'B', 'G#']","[9, 10, 11, 8]"
,83,11,0,11/5/2023 23:22,Random4,"['A', 'A#', 'B', 'G#']","[9, 10, 11, 8]"
,68,10,0,11/5/2023 23:22,Random4,"['A', 'A#', 'B', 'G#']","[9, 10, 11, 8]"
,68,9,0,11/5/2023 23:22,Random4,"['A', 'A#', 'B', 'G#']","[9, 10, 11, 8]"
,68,8,0,11/5/2023 23:22,Random4,"['A', 'A#', 'B', 'G#']","[9, 10, 11, 8]"
,33,8,12,11/5/2023 23:23,Random4,"['A', 'A#', 'B', 'G#']","[9, 10, 11, 8]"
,33,10,12,11/5/2023 23:23,Random4,"['A', 'A#', 'B', 'G#']","[9, 10, 11, 8]"
,33,9,12,11/5/2023 23:23,Random4,"['A', 'A#', 'B', 'G#']","[9, 10, 11, 8]"
,45,10,0,11/5/2023 23:23,Random4,"['A', 'A#', 'B', 'G#']","[9, 10, 11, 8]"
,45,9,0,11/5/2023 23:23,Random4,"['A', 'A#', 'B', 'G#']","[9, 10, 11, 8]"
,69,9,0,11/5/2023 23:23,Random4,"['A', 'A#', 'B', 'G#']","[9, 10, 11, 8]"
,57,9,0,11/5/2023 23:23,Random4,"['A', 'A#', 'B', 'G#']","[9, 10, 11, 8]"
,70,10,0,11/5/2023 23:23,Random4,"['A', 'A#', 'B', 'G#']","[9, 10, 11, 8]"
,34,10,0,11/5/2023 23:23,Random4,"['A', 'A#', 'B', 'G#']","[9, 10, 11, 8]"
,46,10,0,11/5/2023 23:23,Random4,"['A', 'A#', 'B', 'G#']","[9, 10, 11, 8]"
,34,10,0,11/5/2023 23:23,Random4,"['A', 'A#', 'B', 'G#']","[9, 10, 11, 8]"
,58,11,0,11/5/2023 23:23,Random4,"['A', 'A#', 'B', 'G#']","[9, 10, 11, 8]"
,58,10,0,11/5/2023 23:23,Random4,"['A', 'A#', 'B', 'G#']","[9, 10, 11, 8]"
,82,11,1,11/5/2023 23:23,Random4,"['A', 'A#', 'B', 'G#']","[9, 10, 11, 8]"
,82,8,1,11/5/2023 23:23,Random4,"['A', 'A#', 'B', 'G#']","[9, 10, 11, 8]"
,82,10,1,11/5/2023 23:23,Random4,"['A', 'A#', 'B', 'G#']","[9, 10, 11, 8]"
,71,11,0,11/5/2023 23:23,Random4,"['A', 'A#', 'B', 'G#']","[9, 10, 11, 8]"
,44,10,1,11/5/2023 23:23,Random4,"['A', 'A#', 'B', 'G#']","[9, 10, 11, 8]"
,44,9,1,11/5/2023 23:23,Random4,"['A', 'A#', 'B', 'G#']","[9, 10, 11, 8]"
,44,8,1,11/5/2023 23:23,Random4,"['A', 'A#', 'B', 'G#']","[9, 10, 11, 8]"
,82,11,0,11/5/2023 23:23,Random4,"['A', 'A#', 'B', 'G#']","[9, 10, 11, 8]"
,82,8,0,11/5/2023 23:23,Random4,"['A', 'A#', 'B', 'G#']","[9, 10, 11, 8]"
,82,10,0,11/5/2023 23:23,Random4,"['A', 'A#', 'B', 'G#']","[9, 10, 11, 8]"
,59,9,0,11/5/2023 23:23,Random4,"['A', 'A#', 'B', 'G#']","[9, 10, 11, 8]"
,59,10,0,11/5/2023 23:23,Random4,"['A', 'A#', 'B', 'G#']","[9, 10, 11, 8]"
,59,11,0,11/5/2023 23:23,Random4,"['A', 'A#', 'B', 'G#']","[9, 10, 11, 8]"
,83,8,1,11/5/2023 23:23,Random4,"['A', 'A#', 'B', 'G#']","[9, 10, 11, 8]"
,83,10,1,11/5/2023 23:23,Random4,"['A', 'A#', 'B', 'G#']","[9, 10, 11, 8]"
,83,9,1,11/5/2023 23:23,Random4,"['A', 'A#', 'B', 'G#']","[9, 10, 11, 8]"
,83,11,1,11/5/2023 23:23,Random4,"['A', 'A#', 'B', 'G#']","[9, 10, 11, 8]"
,83,11,0,11/5/2023 23:23,Random4,"['A', 'A#', 'B', 'G#']","[9, 10, 11, 8]"
,69,8,1,11/5/2023 23:23,Random4,"['A', 'A#', 'B', 'G#']","[9, 10, 11, 8]"
,69,10,1,11/5/2023 23:23,Random4,"['A', 'A#', 'B', 'G#']","[9, 10, 11, 8]"
,69,9,1,11/5/2023 23:23,Random4,"['A', 'A#', 'B', 'G#']","[9, 10, 11, 8]"
,58,11,0,11/5/2023 23:24,Random4,"['A', 'A#', 'B', 'G#']","[9, 10, 11, 8]"
,58,10,0,11/5/2023 23:24,Random4,"['A', 'A#', 'B', 'G#']","[9, 10, 11, 8]"
,71,11,2,11/5/2023 23:24,Random4,"['A', 'A#', 'B', 'G#']","[9, 10, 11, 8]"
,47,10,1,11/5/2023 23:24,Random4,"['A', 'A#', 'B', 'G#']","[9, 10, 11, 8]"
,47,9,1,11/5/2023 23:24,Random4,"['A', 'A#', 'B', 'G#']","[9, 10, 11, 8]"
,47,8,1,11/5/2023 23:24,Random4,"['A', 'A#', 'B', 'G#']","[9, 10, 11, 8]"
,47,11,1,11/5/2023 23:24,Random4,"['A', 'A#', 'B', 'G#']","[9, 10, 11, 8]"
,35,11,0,11/5/2023 23:24,Random4,"['A', 'A#', 'B', 'G#']","[9, 10, 11, 8]"
,81,11,1,11/5/2023 23:24,Random4,"['A', 'A#', 'B', 'G#']","[9, 10, 11, 8]"
,81,10,1,11/5/2023 23:24,Random4,"['A', 'A#', 'B', 'G#']","[9, 10, 11, 8]"
,81,8,1,11/5/2023 23:24,Random4,"['A', 'A#', 'B', 'G#']","[9, 10, 11, 8]"
,81,9,1,11/5/2023 23:24,Random4,"['A', 'A#', 'B', 'G#']","[9, 10, 11, 8]"
,53,8,1,11/5/2023 23:24,Random4,"['A', 'E', 'F', 'G#']","[9, 4, 5, 8]"
,53,9,1,11/5/2023 23:24,Random4,"['A', 'E', 'F', 'G#']","[9, 4, 5, 8]"
,53,5,1,11/5/2023 23:24,Random4,"['A', 'E', 'F', 'G#']","[9, 4, 5, 8]"
,33,9,0,11/5/2023 23:24,Random4,"['A', 'E', 'F', 'G#']","[9, 4, 5, 8]"
,28,4,0,11/5/2023 23:24,Random4,"['A', 'E', 'F', 'G#']","[9, 4, 5, 8]"
,56,8,2,11/5/2023 23:24,Random4,"['A', 'E', 'F', 'G#']","[9, 4, 5, 8]"
,80,8,0,11/5/2023 23:25,Random4,"['A', 'E', 'F', 'G#']","[9, 4, 5, 8]"
,57,9,0,11/5/2023 23:25,Random4,"['A', 'E', 'F', 'G#']","[9, 4, 5, 8]"
,28,4,0,11/5/2023 23:25,Random4,"['A', 'E', 'F', 'G#']","[9, 4, 5, 8]"
,65,5,1,11/5/2023 23:25,Random4,"['A', 'E', 'F', 'G#']","[9, 4, 5, 8]"
,41,5,0,11/5/2023 23:25,Random4,"['A', 'E', 'F', 'G#']","[9, 4, 5, 8]"
,64,4,1,11/5/2023 23:25,Random4,"['A', 'E', 'F', 'G#']","[9, 4, 5, 8]"
,69,8,0,11/5/2023 23:25,Random4,"['A', 'E', 'F', 'G#']","[9, 4, 5, 8]"
,69,5,0,11/5/2023 23:25,Random4,"['A', 'E', 'F', 'G#']","[9, 4, 5, 8]"
,69,9,0,11/5/2023 23:25,Random4,"['A', 'E', 'F', 'G#']","[9, 4, 5, 8]"
,44,9,1,11/5/2023 23:25,Random4,"['A', 'E', 'F', 'G#']","[9, 4, 5, 8]"
,44,8,1,11/5/2023 23:25,Random4,"['A', 'E', 'F', 'G#']","[9, 4, 5, 8]"
,29,5,6,11/5/2023 23:25,Random4,"['A', 'E', 'F', 'G#']","[9, 4, 5, 8]"
,32,8,1,11/5/2023 23:25,Random4,"['A', 'E', 'F', 'G#']","[9, 4, 5, 8]"
,56,9,0,11/5/2023 23:25,Random4,"['A', 'E', 'F', 'G#']","[9, 4, 5, 8]"
,56,8,0,11/5/2023 23:25,Random4,"['A', 'E', 'F', 'G#']","[9, 4, 5, 8]"
,81,9,0,11/5/2023 23:25,Random4,"['A', 'E', 'F', 'G#']","[9, 4, 5, 8]"
,52,4,1,11/5/2023 23:25,Random4,"['A', 'E', 'F', 'G#']","[9, 4, 5, 8]"
,80,8,0,11/5/2023 23:25,Random4,"['A', 'E', 'F', 'G#']","[9, 4, 5, 8]"
,40,9,0,11/5/2023 23:25,Random4,"['A', 'E', 'F', 'G#']","[9, 4, 5, 8]"
,40,5,0,11/5/2023 23:25,Random4,"['A', 'E', 'F', 'G#']","[9, 4, 5, 8]"
,40,8,0,11/5/2023 23:25,Random4,"['A', 'E', 'F', 'G#']","[9, 4, 5, 8]"
,40,4,0,11/5/2023 23:25,Random4,"['A', 'E', 'F', 'G#']","[9, 4, 5, 8]"
,73,1,1,11/5/2023 23:26,Random4,"['C#', 'D', 'G', 'G#']","[1, 2, 7, 8]"
,56,8,0,11/5/2023 23:26,Random4,"['C#', 'D', 'G', 'G#']","[1, 2, 7, 8]"
,74,2,0,11/5/2023 23:26,Random4,"['C#', 'D', 'G', 'G#']","[1, 2, 7, 8]"
,56,8,0,11/5/2023 23:26,Random4,"['C#', 'D', 'G', 'G#']","[1, 2, 7, 8]"
,79,7,0,11/5/2023 23:26,Random4,"['C#', 'D', 'G', 'G#']","[1, 2, 7, 8]"
,32,8,0,11/5/2023 23:26,Random4,"['C#', 'D', 'G', 'G#']","[1, 2, 7, 8]"
,62,1,0,11/5/2023 23:26,Random4,"['C#', 'D', 'G', 'G#']","[1, 2, 7, 8]"
,62,2,1,11/5/2023 23:26,Random4,"['C#', 'D', 'G', 'G#']","[1, 2, 7, 8]"
,79,8,0,11/5/2023 23:26,Random4,"['C#', 'D', 'G', 'G#']","[1, 2, 7, 8]"
,79,1,0,11/5/2023 23:26,Random4,"['C#', 'D', 'G', 'G#']","[1, 2, 7, 8]"
,79,7,0,11/5/2023 23:26,Random4,"['C#', 'D', 'G', 'G#']","[1, 2, 7, 8]"
,50,8,0,11/5/2023 23:26,Random4,"['C#', 'D', 'G', 'G#']","[1, 2, 7, 8]"
,50,7,0,11/5/2023 23:26,Random4,"['C#', 'D', 'G', 'G#']","[1, 2, 7, 8]"
,50,1,0,11/5/2023 23:26,Random4,"['C#', 'D', 'G', 'G#']","[1, 2, 7, 8]"
,50,2,0,11/5/2023 23:26,Random4,"['C#', 'D', 'G', 'G#']","[1, 2, 7, 8]"
,31,1,1,11/5/2023 23:26,Random4,"['C#', 'D', 'G', 'G#']","[1, 2, 7, 8]"
,31,7,1,11/5/2023 23:26,Random4,"['C#', 'D', 'G', 'G#']","[1, 2, 7, 8]"
,62,2,0,11/5/2023 23:26,Random4,"['C#', 'D', 'G', 'G#']","[1, 2, 7, 8]"
,25,1,0,11/5/2023 23:26,Random4,"['C#', 'D', 'G', 'G#']","[1, 2, 7, 8]"
,60,4,0,11/5/2023 23:55,Random4,"['A#', 'B', 'C', 'E']","[10, 11, 0, 4]"
,60,0,0,11/5/2023 23:55,Random4,"['A#', 'B', 'C', 'E']","[10, 11, 0, 4]"
,82,0,0,11/5/2023 23:55,Random4,"['A#', 'B', 'C', 'E']","[10, 11, 0, 4]"
,82,4,0,11/5/2023 23:55,Random4,"['A#', 'B', 'C', 'E']","[10, 11, 0, 4]"
,82,10,0,11/5/2023 23:55,Random4,"['A#', 'B', 'C', 'E']","[10, 11, 0, 4]"
,35,10,0,11/5/2023 23:55,Random4,"['A#', 'B', 'C', 'E']","[10, 11, 0, 4]"
,35,0,0,11/5/2023 23:55,Random4,"['A#', 'B', 'C', 'E']","[10, 11, 0, 4]"
,35,11,0,11/5/2023 23:55,Random4,"['A#', 'B', 'C', 'E']","[10, 11, 0, 4]"
,52,4,0,11/5/2023 23:55,Random4,"['A#', 'B', 'C', 'E']","[10, 11, 0, 4]"
,47,0,0,11/5/2023 23:55,Random4,"['A#', 'B', 'C', 'E']","[10, 11, 0, 4]"
,47,11,0,11/5/2023 23:55,Random4,"['A#', 'B', 'C', 'E']","[10, 11, 0, 4]"
,28,4,0,11/5/2023 23:55,Random4,"['A#', 'B', 'C', 'E']","[10, 11, 0, 4]"
,28,4,0,11/5/2023 23:55,Random4,"['A#', 'B', 'C', 'E']","[10, 11, 0, 4]"
,72,10,0,11/5/2023 23:55,Random4,"['A#', 'B', 'C', 'E']","[10, 11, 0, 4]"
,72,0,0,11/5/2023 23:55,Random4,"['A#', 'B', 'C', 'E']","[10, 11, 0, 4]"
,24,10,0,11/5/2023 23:55,Random4,"['A#', 'B', 'C', 'E']","[10, 11, 0, 4]"
,24,11,0,11/5/2023 23:55,Random4,"['A#', 'B', 'C', 'E']","[10, 11, 0, 4]"
,24,0,0,11/5/2023 23:55,Random4,"['A#', 'B', 'C', 'E']","[10, 11, 0, 4]"
,82,0,0,11/5/2023 23:55,Random4,"['A#', 'B', 'C', 'E']","[10, 11, 0, 4]"
,82,11,0,11/5/2023 23:55,Random4,"['A#', 'B', 'C', 'E']","[10, 11, 0, 4]"
,82,4,0,11/5/2023 23:55,Random4,"['A#', 'B', 'C', 'E']","[10, 11, 0, 4]"
,82,10,0,11/5/2023 23:55,Random4,"['A#', 'B', 'C', 'E']","[10, 11, 0, 4]"
ef712783-7dca-11ee-8a38-085bd60c6d9e,68,8,0,11/7/2023 19:08,Random4,"['D', 'E', 'G', 'G#']","[2, 4, 7, 8]"
f1f1fcbe-7dca-11ee-b680-085bd60c6d9e,55,2,0,11/7/2023 19:08,Random4,"['D', 'E', 'G', 'G#']","[2, 4, 7, 8]"
f1f1fcbe-7dca-11ee-b680-085bd60c6d9e,55,4,0,11/7/2023 19:08,Random4,"['D', 'E', 'G', 'G#']","[2, 4, 7, 8]"
f1f1fcbe-7dca-11ee-b680-085bd60c6d9e,55,7,0,11/7/2023 19:08,Random4,"['D', 'E', 'G', 'G#']","[2, 4, 7, 8]"
f4402b01-7dca-11ee-9334-085bd60c6d9e,62,8,0,11/7/2023 19:08,Random4,"['D', 'E', 'G', 'G#']","[2, 4, 7, 8]"
f4402b01-7dca-11ee-9334-085bd60c6d9e,62,7,0,11/7/2023 19:08,Random4,"['D', 'E', 'G', 'G#']","[2, 4, 7, 8]"
f4402b01-7dca-11ee-9334-085bd60c6d9e,62,4,0,11/7/2023 19:08,Random4,"['D', 'E', 'G', 'G#']","[2, 4, 7, 8]"
f4402b01-7dca-11ee-9334-085bd60c6d9e,62,2,0,11/7/2023 19:08,Random4,"['D', 'E', 'G', 'G#']","[2, 4, 7, 8]"
f656ede1-7dca-11ee-be98-085bd60c6d9e,40,4,0,11/7/2023 19:08,Random4,"['D', 'E', 'G', 'G#']","[2, 4, 7, 8]"
f6aed17d-7dca-11ee-a622-085bd60c6d9e,44,8,0,11/7/2023 19:08,Random4,"['D', 'E', 'G', 'G#']","[2, 4, 7, 8]"
f7267075-7dca-11ee-b639-085bd60c6d9e,74,7,0,11/7/2023 19:08,Random4,"['D', 'E', 'G', 'G#']","[2, 4, 7, 8]"
f7267075-7dca-11ee-b639-085bd60c6d9e,74,4,0,11/7/2023 19:08,Random4,"['D', 'E', 'G', 'G#']","[2, 4, 7, 8]"
f7267075-7dca-11ee-b639-085bd60c6d9e,74,2,0,11/7/2023 19:08,Random4,"['D', 'E', 'G', 'G#']","[2, 4, 7, 8]"
f7e615de-7dca-11ee-830e-085bd60c6d9e,44,8,0,11/7/2023 19:08,Random4,"['D', 'E', 'G', 'G#']","[2, 4, 7, 8]"
f8627944-7dca-11ee-bdb6-085bd60c6d9e,56,7,0,11/7/2023 19:08,Random4,"['D', 'E', 'G', 'G#']","[2, 4, 7, 8]"
f8627944-7dca-11ee-bdb6-085bd60c6d9e,56,4,0,11/7/2023 19:08,Random4,"['D', 'E', 'G', 'G#']","[2, 4, 7, 8]"
f8627944-7dca-11ee-bdb6-085bd60c6d9e,56,8,0,11/7/2023 19:08,Random4,"['D', 'E', 'G', 'G#']","[2, 4, 7, 8]"
